name,number_of_datasets,number_of_columns
abc.data,0,0
abcdeFBA,0,0
abd,6,9
ABHgenotypeR,0,0
Ac3net,0,0
acepack,0,0
acfMPeriod,0,0
acm4r,0,0
ACSNMineR,0,0
ACSWR,0,0
actuar,0,0
adagio,0,0
adamethods,0,0
AdapSamp,0,0
adaptsmoFMRI,0,0
adaptTest,0,0
ADCT,0,0
ade4,0,0
adegenet,0,0
adehabitatHS,0,0
adephylo,0,0
adepro,0,0
AdequacyModel,0,0
adhoc,0,0
adimpro,0,0
ADMMnet,0,0
ADMMsigma,0,0
ADPclust,0,0
advclust,0,0
adwave,0,0
AER,0,0
AeRobiology,0,0
aGE,0,0
agrmt,0,0
AGSDest,0,0
AICcmodavg,0,0
airGRteaching,0,0
akmeans,0,0
alignfigR,0,0
alleHap,0,0
allelematch,0,0
AlphaPart,0,0
ALSM,0,0
altair,0,0
AMAP.Seq,0,0
Amelia,0,0
AmericanCallOpt,0,0
anacor,0,0
anapuce,0,0
anchors,0,0
anfis,0,0
aniDom,0,0
ANOVAIREVA,0,0
ANOVAreplication,0,0
antaresEditObject,0,0
aod,0,0
aoristic,0,0
ape,0,0
apex,0,0
aphid,0,0
APML0,0,0
appnn,0,0
apsrtable,0,0
apTreeshape,0,0
ArDec,0,0
arf3DS4,0,0
argo,0,0
ARIbrain,0,0
aricode,0,0
arm,0,0
arsenal,0,0
ARTP,0,0
ARTP2,0,0
arulesNBMiner,0,0
arulesSequences,0,0
asbio,0,0
asd,0,0
aslib,0,0
asnipe,0,0
ASPBay,0,0
aspect,1,1
aSPU,0,0
assertive.code,0,0
assignPOP,0,0
ASSISTant,0,0
assocInd,0,0
AssocTests,0,0
AssotesteR,0,0
AST,0,0
aster,0,0
astro,0,0
asVPC,0,0
asymLD,0,0
asymmetry,0,0
asympTest,0,0
AsynchLong,0,0
asypow,0,0
atable,0,0
AUCRF,0,0
AUtests,0,0
autopls,0,0
AWR.Athena,0,0
aws.comprehend,0,0
aws.ec2metadata,0,0
aws.signature,0,0
aws.sns,0,0
awsMethods,0,0
AzureVMmetadata,0,0
BACprior,0,0
baggedcv,0,0
BalancedSampling,0,0
BaM,0,0
BAMMtools,0,0
bang,0,0
BarBorGradient,0,0
baRcodeR,0,0
BarcodingR,0,0
BAS,0,0
basad,0,0
basicspace,0,0
basket,0,0
BayesBinMix,0,0
BayesCR,0,0
bayesCT,0,0
BayesCTDesign,0,0
BayesDA,0,0
BayesFM,0,0
bayesImageS,0,0
BayesLCA,0,0
bayeslm,0,0
bayesm,0,0
BayesPieceHazSelect,0,0
bayesQR,0,0
Bayesrel,0,0
bayess,0,0
BayesS5,0,0
bayfoxr,0,0
BaylorEdPsych,0,0
baymedr,0,0
baystability,0,0
bbefkr,0,0
bc3net,0,0
BCBCSF,0,0
BCE,0,0
BClustLonG,0,0
bcmaps,0,0
bcrm,0,0
bdpar,0,0
BEDASSLE,0,0
BEDMatrix,0,0
bedr,0,0
beginr,0,0
benchden,0,0
bender,0,0
BeSS,0,0
BetaBit,0,0
betapart,0,0
betareg,0,0
BGData,0,0
BGGE,0,0
BHMSMAfMRI,0,0
bibtex,0,0
biclustermd,0,0
biglm,0,0
bigstatsr,0,0
bigstep,0,0
bigtime,0,0
bikeshare14,0,0
BinaryEMVS,0,0
bindata,0,0
binGroup,0,0
binomSamSize,0,0
binsmooth,0,0
bio.infer,0,0
bio3d,0,0
BioCircos,0,0
Biocomb,0,0
Biodem,0,0
biogram,0,0
Bioi,0,0
biolink,0,0
Biolinv,0,0
BIOM.utils,0,0
bionetdata,0,0
Biopeak,0,0
Bios2cor,0,0
biosignalEMG,0,0
birtr,0,0
biscale,0,0
bitops,0,0
bitrugs,0,0
BivGeo,0,0
BLCOP,0,0
BlockCov,0,0
blockForest,0,0
blockrand,0,0
BMA,0,0
bmrm,0,0
BMTME,0,0
BNN,0,0
bnpsd,0,0
bnstruct,0,0
BOG,0,0
BOIN,0,0
Bolstad,2,2
Bolstad2,0,0
boot,3,3
bootImpute,0,0
BootMRMR,0,0
BootPR,0,0
bootstrap,0,0
Boruta,0,0
BoSSA,0,0
bpca,0,0
bPeaks,0,0
bpgmm,0,0
bqtl,0,0
BradleyTerry2,0,0
braidReports,0,0
brainGraph,0,0
brainR,0,0
brainwaver,0,0
BRETIGEA,0,0
brglm,0,0
bridger2,0,0
brt,0,0
BSGS,0,0
bssn,0,0
btb,0,0
BTLLasso,0,0
BTYD,0,0
bucky,0,0
buildmer,1,1
bujar,0,0
BVS,0,0
BVSNLP,0,0
bWGR,0,0
c212,0,0
c3net,0,0
ca,0,0
cabootcrs,0,0
cacIRT,0,0
caffsim,0,0
Calculator.LR.FNs,0,0
calendar,0,0
CamelUp,0,0
caper,0,0
capm,1,1
car,0,0
carcass,0,0
carData,20,23
cardioModel,0,0
care,0,0
caret,0,0
carrier,0,0
cartograflow,0,0
cartogram,0,0
carx,0,0
CascadeData,0,0
castor,0,0
cat,0,0
catcont,0,0
CateSelection,0,0
catlearn,0,0
catR,0,0
catspec,0,0
CausalFX,0,0
causalsens,0,0
CAvariants,0,0
cbar,0,0
cchs,0,0
CCpop,0,0
cde,0,0
cdfquantreg,1,1
CDM,1,2
CDROM,0,0
censusGeography,0,0
CeRNASeek,0,0
cetcolor,0,0
cg,0,0
cgdsr,0,0
cgh,0,0
CGPfunctions,0,0
checkarg,0,0
chillR,0,0
choplump,0,0
choroplethrMaps,0,0
cin,0,0
CJAMP,0,0
CKAT,0,0
cladoRcpp,0,0
clampSeg,0,0
class,0,0
ClassComparison,0,0
ClassDiscovery,0,0
cleanEHR,0,0
clime,0,0
ClimProjDiags,0,0
climwin,0,0
clinfun,0,0
ClinicalTrialSummary,0,0
clinPK,0,0
ClinReport,0,0
clinsig,0,0
clinUtiDNA,0,0
clusterGenomics,0,0
clusterhap,0,0
clusternomics,0,0
clusterPower,0,0
clusterRepro,0,0
clusterSEs,0,0
ClustMMDD,0,0
ClustVarLV,0,0
clustvarsel,0,0
CMC,0,0
cmenet,0,0
CMPControl,0,0
CMplot,0,0
cNORM,2,2
cocor,0,0
cocorresp,0,0
cocron,0,0
CodataGS,0,0
coin,2,2
colf,0,0
CollessLike,0,0
collpcm,0,0
colocalized,0,0
colourpicker,0,0
colr,0,0
colt,0,0
combiter,0,0
CombMSC,0,0
compareODM,0,0
compound.Cox,0,0
comtradr,0,0
concatenate,0,0
condusco,0,0
conf.design,0,0
confidence,0,0
confreq,0,0
conics,0,0
CONS,0,0
controlTest,0,0
convey,0,0
cooccurNet,0,0
coprimary,0,0
CopyDetect,0,0
coRanking,0,0
CorDiff,0,0
corehunter,0,0
CoRpower,0,0
corrcoverage,0,0
corto,0,0
corTools,0,0
corx,0,0
cotrend,0,0
countyfloods,0,0
covLCA,0,0
CovSel,0,0
CovSelHigh,0,0
coxrt,0,0
CPBayes,0,0
CpGassoc,0,0
cpk,0,0
crayon,0,0
CREAM,0,0
credentials,0,0
CreditMetrics,0,0
cregg,0,0
cRegulome,0,0
CRM,0,0
cropdatape,0,0
Crossover,0,0
crrp,0,0
crrstep,0,0
crsra,0,0
CRTSize,0,0
crunch,1,2
crunchy,0,0
csn,0,0
csSAM,0,0
cssTools,0,0
cstab,0,0
csv,0,0
csvy,0,0
ctrdata,0,0
CTT,0,0
CTTinShiny,0,0
CTTShiny,0,0
CUMP,0,0
cumSeg,0,0
curstatCI,0,0
cvms,0,0
cyclestreets,0,0
CytobankAPIstats,0,0
D3GB,0,0
DAKS,0,0
DALEX,5,5
DAMOCLES,0,0
DatabaseConnectorJars,0,0
dataCompareR,0,0
datadogr,0,0
datarobot,0,0
dataverse,0,0
datetime,0,0
DATforDCEMRI,0,0
dbarts,0,0
DBfit,0,0
DBGSA,0,0
dcemriS4,0,0
DCG,0,0
dCovTS,0,0
DDHFm,0,0
DDRTree,0,0
deal,0,0
deckgl,0,0
DeducerSurvival,0,0
deductive,0,0
deepboost,1,1
deepNN,0,0
DELTD,0,0
Demerelate,0,0
DEMEtics,0,0
deming,0,0
demography,0,0
dendextend,0,0
denovolyzeR,0,0
denstrip,0,0
denvax,0,0
DEploid,0,0
depth.plot,0,0
DepthProc,0,0
descr,0,0
deseasonalize,0,0
designGG,0,0
DesignLibrary,0,0
desiR,0,0
detectRUNS,0,0
DetSel,0,0
dexter,1,1
dexterMST,0,0
dfcrm,0,0
DFIT,0,0
dfmeta,0,0
dhga,0,0
DiceKriging,0,0
dicionariosIBGE,0,0
dielectric,0,0
DIFboost,0,0
diffEnrich,0,0
DiffNet,0,0
DiffusionRgqd,0,0
DIFlasso,0,0
difNLR,2,2
difR,0,0
DIFtree,0,0
Digiroo2,0,0
digitalPCR,0,0
dina,0,0
DirectedClustering,0,0
discgolf,0,0
discharge,0,0
DiscreteFDR,0,0
discreteRV,0,0
DiscriMiner,0,0
DisHet,0,0
dispmod,0,0
DiSSMod,1,2
distances,0,0
DistatisR,0,0
distdichoR,0,0
distillery,0,0
disto,0,0
distory,0,0
distrTeach,0,0
diveRsity,0,0
DiversityOccupancy,0,0
divest,0,0
divo,0,0
diyar,3,3
dkDNA,0,0
dlbayes,0,0
dlmap,0,0
dlnm,1,1
dmm,0,0
DMRnet,0,0
DNAtools,0,0
dnr,0,0
docopulae,0,0
docxtractr,0,0
DOS2,5,8
DoseFinding,0,0
DoTC,0,0
Dowd,0,0
dpcid,0,0
dplyrAssist,0,0
dr,1,1
dragon,0,0
drLumi,0,0
DSAIDE,0,0
DSBayes,0,0
dtangle,0,0
dtpcrm,0,0
DTR,0,0
dummies,0,0
dynOmics,0,0
dynpred,0,0
e1071,0,0
Eagle,0,0
EAinference,0,0
earlygating,0,0
eba,0,0
ebGenotyping,0,0
ebimetagenomics,0,0
ebSNP,0,0
ECharts2Shiny,0,0
ecodist,0,0
EcoGenetics,0,0
ecospat,0,0
EcoVirtual,0,0
edfReader,0,0
educineq,0,0
eechidna,0,0
eefAnalytics,0,0
eegkit,0,0
eeptools,2,6
eesim,0,0
EFAutilities,0,0
effects,0,0
effectsizescr,0,0
EfficientMaxEigenpair,0,0
EFS,0,0
ega,0,0
EHR,0,0
EHRtemporalVariability,0,0
eia,0,0
eixport,0,0
EL2Surv,0,0
elasso,0,0
elasticnet,0,0
elec,0,0
elec.strat,0,0
EleChemr,0,0
elections,0,0
electionsBR,0,0
electivity,0,0
ElemStatLearn,2,3
elexr,0,0
elo,0,0
EM.Fuzzy,0,0
emhawkes,0,0
emIRT,0,0
EMMIXgene,0,0
EMT,0,0
EMVS,0,0
endogMNP,0,0
endorse,0,0
EngrExpt,0,0
enrichwith,0,0
EnsCat,0,0
EnsembleBase,0,0
entropart,0,0
enveomics.R,0,0
envlpaster,0,0
Epi,0,0
epibasix,0,0
epicontacts,0,0
EpiContactTrace,0,0
EpiCurve,0,0
epiDisplay,0,0
EpiDynamics,0,0
EpiEstim,0,0
EpiILM,0,0
EpiILMCT,0,0
epimdr,0,0
epinet,0,0
epiphy,0,0
epiR,0,0
EpiReport,1,1
episensr,0,0
epistasis,0,0
EpiStats,0,0
epitab,0,0
epitools,0,0
epoc,0,0
epsiwal,0,0
eqtl,0,0
equalCovs,0,0
equate,0,0
equateIRT,0,0
equateMultiple,0,0
ergm,0,0
eRm,0,0
errorizer,0,0
ES,0,0
esaBcv,0,0
esaps,0,0
essurvey,0,0
EstCRM,0,0
EstHer,0,0
EstimateGroupNetwork,0,0
EValue,0,0
evian,2,2
evidenceFactors,0,0
evolqg,0,0
exact2x2,0,0
exactLoglinTest,0,0
exams,0,0
excursions,0,0
ExPanDaR,0,0
experiment,0,0
expose,1,1
ExPosition,0,0
ExtractTrainData,0,0
extrafontdb,0,0
extremefit,0,0
extRemes,0,0
ezglm,0,0
FactoMineR,0,0
factoptd,0,0
FADA,0,0
fakeR,0,0
Familias,0,0
faoutlier,0,0
faraway,24,27
farff,0,0
FarmSelect,0,0
fastclime,0,0
fastICA,0,0
fastJT,0,0
fastnet,0,0
fbati,0,0
FBN,0,0
fcm,0,0
fdaMixed,0,0
fdm2id,2,2
fDMA,0,0
FeaLect,0,0
feather,0,0
fechner,0,0
fence,0,0
fermicatsR,0,0
fGarch,0,0
fgm,0,0
FGSG,0,0
filehashSQLite,0,0
FILEST,0,0
fImport,0,0
FinTS,0,0
fitODBOD,1,1
fitPoly,0,0
FITSio,0,0
fitTetra,0,0
FitUltD,0,0
flexmix,0,0
flexmixNL,0,0
flows,0,0
fluspect,0,0
FMP,0,0
fmriqa,0,0
fmrs,0,0
fmsb,0,0
foba,0,0
fontLiberation,0,0
fontMPlus,0,0
forensic,0,0
forestControl,0,0
fossil,0,0
FossilSim,0,0
fourPNO,0,0
fpa,0,0
fpca,0,0
fpeek,0,0
fPortfolio,0,0
FPV,0,0
freestats,0,0
freesurferformats,0,0
FRESA.CAD,0,0
FrF2,0,0
fscaret,0,0
FSelector,0,0
FSelectorRcpp,0,0
fslr,0,0
fSRM,0,0
fts,0,0
fugeR,0,0
fulltext,0,0
FunCluster,0,0
fungible,0,0
funtimes,0,0
fusedest,0,0
futility,0,0
future.callr,0,0
fuzzyRankTests,0,0
fuzzyreg,0,0
fuzzySim,0,0
FWDselect,1,1
fy,0,0
g3viz,0,0
GA,0,0
GAabbreviate,0,0
GADAG,0,0
gafit,0,0
gaiah,0,0
galgo,0,0
galts,0,0
gam,0,0
gamair,0,0
gamclass,3,3
gamesGA,0,0
GANPA,0,0
gap,7,7
GAparsimony,0,0
gapfill,0,0
gaselect,0,0
gaston,4,4
gatepoints,0,0
gausscov,0,0
gaussfacts,0,0
GBJ,0,0
gcerisk,0,0
gconcord,0,0
GDAtools,0,0
GDINA,0,0
gdmp,0,0
gdpc,0,0
gee,0,0
GEEaSPU,0,0
geepack,0,0
geex,0,0
geiger,0,0
GEint,0,0
gen2stage,0,0
genalg,0,0
GenAlgo,0,0
gendata,0,0
GeneBook,0,0
GeneClusterNet,0,0
geneHummus,0,0
geneListPie,0,0
genemodel,0,0
GeneNet,0,0
genepi,0,0
genepop,0,0
GeneralisedCovarianceMeasure,0,0
geneSignatureFinder,0,0
genetics,0,0
GeneticSubsetter,0,0
genio,0,0
genomeplot,0,0
genomic.autocorr,0,0
GenomicMating,0,0
genomicper,0,0
genoPlotR,0,0
GenoScan,0,0
genotypeR,0,0
genpwr,0,0
genridge,1,1
GenWin,0,0
GeoDE,0,0
geoelectrics,0,0
geofd,0,0
geoGAM,0,0
GeoGenetix,0,0
geomnet,0,0
geomorph,0,0
geosapi,0,0
gepaf,0,0
GESE,0,0
GESTr,0,0
gettz,0,0
gganimate,0,0
gge,0,0
ggfittext,0,0
gggenes,0,0
ggmuller,0,0
ggplot2,0,0
ggplotAssist,0,0
ggpol,0,0
ggrasp,0,0
ggroups,0,0
ggswissmaps,0,0
Ghat,0,0
GibbsACOV,0,0
Gifi,1,1
gifti,0,0
GillespieSSA,0,0
gimmeTools,0,0
GISTools,0,0
gitlabr,0,0
glmc,0,0
glmmLasso,0,0
GLMMRR,0,0
glmulti,0,0
glmvsd,0,0
globalGSA,0,0
gLRTH,0,0
GMAC,0,0
gmodels,0,0
gnm,0,0
goldi,1,3
googleAnalyticsR,0,0
GPArotation,0,0
GPCMlasso,0,0
GpGp,0,0
gpk,0,0
gpmap,0,0
gramEvol,0,0
GRAPE,0,0
grapes,0,0
graph4lg,0,0
grapherator,0,0
graphicsQC,0,0
graphlayouts,0,0
greport,0,0
gretel,0,0
grex,0,0
gridSVG,0,0
GROAN,0,0
groupsubsetselection,0,0
grpss,0,0
GSA,0,0
GSAfisherCombined,0,0
GSAQ,0,0
gsbDesign,0,0
gsDesign,0,0
gsEasy,0,0
GSelection,0,0
gSEM,0,0
gsg,0,0
GSMX,0,0
gsrsb,0,0
gss,0,0
GSSE,0,0
gtheory,0,0
gtWAS,0,0
gtx,0,0
GUniFrac,0,0
gustave,0,0
gvcR,0,0
GWAF,0,0
GWASExactHW,0,0
GWASinlps,0,0
gwerAM,0,0
gwrpvr,0,0
gwrr,0,0
GWsignif,0,0
GxM,0,0
h5,0,0
hapassoc,0,0
Hapi,0,0
HAPim,0,0
haplo.stats,0,0
haplotyper,0,0
HardyWeinberg,0,0
HarmonicRegression,0,0
hashids,0,0
haven,0,0
HBSTM,0,0
HBV.IANIGLA,0,0
hctrial,0,0
heatmaply,0,0
heims,0,0
hergm,0,0
hetGP,0,0
HGNChelper,0,0
hierDiversity,0,0
hierfstat,0,0
hierNet,0,0
highcharter,0,0
higrad,0,0
hitandrun,0,0
HIV.LifeTables,0,0
hkex.api,0,0
hmi,1,1
Hmisc,0,0
HMMmlselect,0,0
HMP,1,1
HMPTrees,0,0
HMR,0,0
Holidays,0,0
homals,0,0
homologene,0,0
hpiR,0,0
HRM,0,0
HS,0,0
HSAUR3,8,9
hsm,0,0
hsmm,0,0
hsphase,0,0
HSPOR,0,0
httpRequest,0,0
hwde,0,0
HWEBayes,0,0
hwriter,0,0
HybridFS,0,0
hydroGOF,0,0
HyPhy,0,0
iAdapt,0,0
IASD,0,0
ibdreg,0,0
ibr,0,0
ica,0,0
ICC,0,0
iccbeta,0,0
icemelt,0,0
icesSAG,0,0
iCluster,0,0
ICSOutlier,0,0
IDCard,0,0
iDINGO,0,0
IDmeasurer,0,0
idmTPreg,0,0
ifaTools,0,0
ifctools,0,0
iGasso,0,0
IgorR,0,0
iGSEA,0,0
IHSEP,0,0
IIS,0,0
IM,0,0
ImaginR,0,0
immer,0,0
Immigrate,0,0
import,0,0
importar,0,0
imsig,0,0
inaparc,0,0
inbreedR,0,0
inctools,0,0
IndexNumber,0,0
InDisc,0,0
iNEXT,0,0
iNextPD,0,0
InfDim,0,0
infer,0,0
influence.ME,0,0
influence.SEM,0,0
InformationValue,0,0
InformativeCensoring,0,0
infraFDTD.assist,0,0
InspectChangepoint,0,0
INSPIRE,0,0
IntegratedJM,0,0
interim,0,0
interimApp,0,0
InterSIM,0,0
IntNMF,0,0
InvasionCorrection,0,0
invgamma,0,0
ipcwswitch,1,1
ips,0,0
ipumsr,0,0
iRafNet,0,0
irr,0,0
irrCAC,0,0
irtDemo,0,0
irtoys,0,0
irtProb,0,0
irtrees,0,0
IRTShiny,0,0
ISBF,0,0
isdals,0,0
ISEtools,0,0
ISLR,2,3
ismev,0,0
ISOcodes,0,0
isopam,0,0
isqg,0,0
ISwR,0,0
itan,0,0
iteRates,0,0
ITRSelect,0,0
ivprobit,0,0
jaatha,0,0
JAGUAR,0,0
joinXL,0,0
jrt,0,0
jsonlite,0,0
jtools,0,0
jtrans,0,0
junctions,0,0
kantorovich,0,0
kaos,0,0
KATforDCEMRI,0,0
kcirt,0,0
kdetrees,0,0
kedd,0,0
kequate,0,0
kerasformula,0,0
kerdiest,0,0
kergp,0,0
kernelPSI,0,0
keyplayer,0,0
keypress,0,0
kidney.epi,0,0
kinship2,0,0
kirby21.base,0,0
kirby21.fmri,0,0
kirby21.t1,0,0
kmer,0,0
KMgene,0,0
kmlcov,0,0
knitrProgressBar,0,0
knnGarden,0,0
knockoff,0,0
kofnGA,0,0
KOGMWU,0,0
kosel,0,0
Kpart,0,0
krige,2,6
kselection,0,0
kst,0,0
ktspair,0,0
kwb.hantush,0,0
l0ara,0,0
L0Learn,0,0
labdsv,0,0
LabRS,0,0
labstats,1,1
laeken,0,0
LAM,0,0
languageR,8,9
languageserver,0,0
LassoBacktracking,0,0
latdiag,0,0
latentnet,0,0
latexpdf,0,0
lava,0,0
lavaan,2,2
lavaan.survey,0,0
lawstat,0,0
lba,0,0
LCAextend,0,0
LCAvarsel,0,0
lcda,0,0
LCox,0,0
ldamatch,0,0
ldbounds,0,0
leafletCN,0,0
LEAP,0,0
LEAPFrOG,0,0
leaps,0,0
LearnBayes,3,3
learnstats,0,0
lefse,0,0
LEGIT,0,0
leiden,0,0
lenses,0,0
lfactors,0,0
LGEWIS,0,0
LGRF,0,0
lifecourse,0,0
lifecycle,0,0
likelihoodAsy,0,0
lin.eval,0,0
LinearRegressionMDE,0,0
lineqGPR,0,0
link2GI,0,0
linkim,0,0
lisrelToR,0,0
listarrays,0,0
LIStest,0,0
listless,0,0
lm.beta,0,0
lme4,1,1
LMERConvenienceFunctions,0,0
lmeSplines,0,0
lmf,0,0
lmm,0,0
lmms,0,0
lmomco,0,0
lmSubsets,0,0
lmtest,0,0
LNIRT,0,0
locfit,0,0
lodGWAS,0,0
lodi,0,0
logcondens,0,0
logistf,0,0
logmult,0,0
longitudinal,0,0
loo,0,0
lordif,0,0
lorentz,0,0
lpdensity,0,0
LPTime,0,0
LPWC,0,0
LRTH,0,0
lsbs,0,0
lsl,0,0
lslx,0,0
lsmeans,1,1
lsr,0,0
LSRS,0,0
ltbayes,0,0
ltm,0,0
LTR,0,0
lucid,0,0
LVGP,0,0
lwgeom,0,0
lymphclon,0,0
MAclinical,0,0
MAd,0,0
madsim,0,0
mafs,0,0
MAGNAMWAR,0,0
majesticR,0,0
managelocalrepo,0,0
mangoTraining,4,5
MaOEA,0,0
MAP,0,0
Map2NCBI,0,0
MAPLES,0,0
marg,0,0
MarginalMediation,0,0
markophylo,0,0
marmap,0,0
MARX,0,0
MaskJointDensity,0,0
MASS,8,8
MasterBayes,0,0
Matching,0,0
MatchIt,0,0
mateable,0,0
matlib,0,0
matR,0,0
MAVTgsa,0,0
MaXact,0,0
MaxentVariableSelection,0,0
maxstat,0,0
MBCbook,0,0
mbgraphic,0,0
mblm,0,0
MBSGS,0,0
MCAvariants,0,0
MCDM,0,0
mcga,0,0
mclcar,0,0
MCMCglmm,0,0
MCMCpack,0,0
MCMCtreeR,0,0
mcompanion,0,0
MCPMod,0,0
md,0,0
MDFS,0,0
mdpeer,0,0
mds,0,0
MDSMap,0,0
meanShiftR,0,0
meaRtools,0,0
mederrRank,0,0
medExtractR,0,0
medflex,0,0
Mediana,0,0
mediation,3,3
medicalrisk,0,0
medicare,0,0
meltt,0,0
mem,0,0
memapp,0,0
memgene,0,0
mephas,0,0
meta,0,0
MetABEL,0,0
MetabolAnalyze,0,0
MetaComp,0,0
metafor,2,2
metaforest,0,0
metaLik,0,0
MetaPCA,0,0
metaSEM,0,0
metasens,0,0
meteoland,0,0
MethylCapSig,0,0
MFKnockoffs,0,0
mgcv,0,0
MGDrivE,0,0
MHTrajectoryR,0,0
mi,0,0
mice,8,8
microclass,0,0
micropan,0,0
microsamplingDesign,0,0
microseq,0,0
midastouch,0,0
MIIVsem,0,0
miLineage,0,0
miniCRAN,0,0
minque,0,0
miRada,0,0
miRNAss,0,0
mirt,0,0
mirtCAT,0,0
mirtjml,0,0
missMDA,0,0
mitools,0,0
mix,0,0
MixedDataImpute,0,0
mixlm,0,0
mixPHM,0,0
mixR,0,0
mixRasch,0,0
mixsep,0,0
MLCIRTwithin,0,0
MLDS,0,0
mlgt,0,0
mlogit,0,0
mlrMBO,0,0
MM2Sdata,0,0
mmand,0,0
MNP,0,0
MNS,0,0
MobileTrigger,0,0
modelfree,0,0
moderndive,3,4
mogavs,0,0
mokken,0,0
mombf,0,0
monographaR,0,0
MOQA,0,0
Morpho,0,0
mosaic,0,0
motoRneuron,0,0
mpcv,0,0
MPDiR,1,1
MPkn,0,0
mplot,2,2
MplusAutomation,0,0
MPR.genotyping,0,0
MPSEM,0,0
mpt,0,0
MPTinR,0,0
MPV,0,0
Mqrcm,0,0
mQTL,0,0
mrgsolve,0,0
mritc,0,0
mRm,0,0
mrMLM,0,0
mrMLM.GUI,0,0
mRMRe,0,0
MRQoL,0,0
MRS,0,0
msgps,0,0
msigdbr,0,0
MSIseq,0,0
mstherm,0,0
MTS,0,0
mudfold,0,0
multcomp,2,2
multgee,0,0
multicastR,0,0
multichull,0,0
multiColl,0,0
MultiLCIRT,0,0
MultiMeta,0,0
multimode,0,0
multinbmod,0,0
multinet,0,0
multinomRob,0,0
multiPIM,0,0
multiplex,0,0
multiselect,0,0
MultiSkew,0,0
MultiSV,0,0
MultiVarSel,0,0
multiway,0,0
munfold,0,0
muRty,0,0
mut,0,0
MVA,0,0
mvcwt,0,0
mvMISE,0,0
mvnmle,0,0
MVTests,0,0
MWLasso,0,0
mwshiny,0,0
My.stepwise,0,0
myepisodes,0,0
nadiv,3,3
NAEPprimer,0,0
nanostringr,0,0
nardl,0,0
nasapower,0,0
nat,0,0
nat.nblast,0,0
nat.templatebrains,0,0
nat.utils,0,0
NB,0,0
NBDesign,0,0
nbpMatching,0,0
ncappc,0,0
ncar,0,0
ncbit,0,0
neat,0,0
negenes,0,0
NEpiC,0,0
nestfs,0,0
netchain,0,0
NetData,0,0
NetWeaver,0,0
network,0,0
NetworkToolbox,0,0
neurobase,0,0
neuroblastoma,0,0
neuroim,0,0
neuropsychology,0,0
neuRosim,0,0
nFactors,0,0
ngspatial,0,0
NHSRdatasets,0,0
nice,0,0
NightDay,0,0
nitrcbot,0,0
NlcOptim,0,0
nlgeocoder,0,0
nlme,6,6
nlMS,0,0
nloptr,0,0
nlsem,0,0
nlsMicrobio,0,0
nlstimedist,0,0
nlstools,0,0
nmw,0,0
nnet,0,0
nodiv,0,0
nomogramEx,0,0
NonCompart,0,0
nonet,0,0
Nonpareil,0,0
NonpModelCheck,0,0
nor1mix,0,0
norm,0,0
NormExpression,0,0
np,0,0
nparsurv,0,0
npordtests,0,0
NPP,0,0
nppbib,0,0
npphen,0,0
npregfast,1,1
npsf,0,0
nsga2R,0,0
nsga3,0,0
nsprcomp,0,0
NST,0,0
nzelect,0,0
oai,0,0
oasis,0,0
objectremover,0,0
OBRE,0,0
occ,0,0
ocomposition,0,0
odeintr,0,0
ofGEM,0,0
OHPL,0,0
oii,0,0
okcupiddata,0,0
OmnibusFisher,1,1
Oncotree,0,0
OpasnetUtils,0,0
openair,0,0
openintro,0,0
OpenMx,0,0
openVA,0,0
optAUC,0,0
optband,0,0
optextras,0,0
OptGS,0,0
opticskxi,0,0
optim.functions,0,0
optimos.prime,0,0
optimParallel,0,0
optiscale,0,0
optiSel,0,0
optismixture,0,0
optmatch,0,0
opusminer,0,0
orclus,0,0
ORCME,0,0
ordinal,0,0
ordinalgmifs,0,0
ordPens,0,0
ormPlot,0,0
oro.dicom,0,0
oro.nifti,0,0
OTclust,0,0
OTRselect,0,0
outbreaker2,0,0
ows4R,0,0
OxyBS,0,0
oz,0,0
pa,0,0
paco,0,0
pact,0,0
Pade,0,0
pafdR,0,0
PAFit,0,0
pagenum,0,0
PAGWAS,0,0
pairwise,0,0
PakPMICS2014Wm,0,0
paleobioDB,0,0
paleomorph,0,0
paleoTS,0,0
pamr,0,0
pan,0,0
PanCanVarSel,0,0
pancor,0,0
panelAR,0,0
PanelCount,0,0
papayar,0,0
paradox,0,0
paramlink,4,4
paran,0,0
parma,0,0
parmigene,0,0
parsec,0,0
parsedate,0,0
parsnip,1,2
pastis,0,0
PathSelectMP,0,0
patternplot,0,0
pauwels2014,0,0
pbatR,0,0
PBSmodelling,0,0
pcaPP,0,0
pcev,0,0
pcIRT,0,0
PCMBase,0,0
PCMBaseCpp,0,0
PCMRS,0,0
PCPS,0,0
pcse,0,0
pdmod,0,0
peakPick,0,0
pedantics,0,0
pedgene,0,0
pedigree,0,0
pedigreemm,0,0
pedigreeTools,0,0
pedmut,0,0
pedprobr,0,0
pedtools,0,0
pegas,0,0
penalizedSVM,0,0
performanceEstimation,0,0
pergola,0,0
periscope,0,0
permPATH,0,0
persiandictionary,0,0
personalized,0,0
perturb,0,0
PET,0,0
PGEE,0,0
pGLS,0,0
PGRdup,0,0
ph2mult,0,0
phangorn,0,0
PharmPow,0,0
phenex,0,0
PHENIX,0,0
phenmod,0,0
phenModel,0,0
pheno,0,0
pheno2geno,0,0
phenocamapi,0,0
phenocamr,0,0
phenofit,0,0
phenology,0,0
phenomap,0,0
phonenumber,0,0
photobiology,0,0
photobiologyPlants,0,0
phyclust,0,0
phyext2,0,0
phylin,0,0
phylobase,0,0
phylocanvas,0,0
phyloclim,0,0
PHYLOGR,0,0
phylogram,0,0
phyloland,0,0
phylolm,0,0
PhyloMeasures,0,0
phylometrics,0,0
phylopath,0,0
phylosignal,0,0
phylosim,0,0
phylotaR,0,0
phylotools,0,0
phyloTop,0,0
phyr,0,0
phyreg,0,0
picante,0,0
piecewiseSEM,0,0
PIGE,0,0
pim,0,0
pinfsc50,0,0
pipeGS,0,0
PIPS,0,0
PK,0,0
PKNCA,0,0
PKPDmodels,0,0
pkr,0,0
PKreport,0,0
pks,0,0
PlayerRatings,0,0
pleio,0,0
PLMIX,0,0
PLmixed,0,0
plot.matrix,0,0
plotfunctions,0,0
plotly,0,0
plotSEMM,0,0
plRasch,0,0
pls,0,0
plsdepot,0,0
plsdof,0,0
plsgenomics,0,0
plsmselect,0,0
plsVarSel,0,0
plus,0,0
pMineR,0,0
pmxTools,0,0
pnn,0,0
pogit,0,0
PogromcyDanych,0,0
PoiClaClu,0,0
PoisBinOrdNonNor,0,0
PoisBinOrdNor,0,0
poisson,0,0
poLCA,0,0
poliscidata,3,8
pollen,0,0
polycor,0,0
polyfreqs,0,0
polywog,0,0
POMaSPU,0,0
pompom,0,0
PooledMeanGroup,0,0
popEpi,4,4
PopGenome,0,0
PopGenReport,0,0
popKorn,0,0
poppr,0,0
populationPDXdesign,0,0
PopVar,0,0
portfolioSim,0,0
PoSI,0,0
postDoubleR,0,0
POUMM,0,0
powerbydesign,0,0
powerSurvEpi,0,0
PowerTOST,0,0
PowerUpR,0,0
PP,0,0
PQLseq,0,0
prabclus,0,0
praktikum,0,0
praznik,0,0
pre,0,0
precrec,0,0
predhy,0,0
predmixcor,0,0
preference,0,0
prefmod,0,0
PreProcess,0,0
PresenceAbsence,0,0
primer,0,0
primerTree,0,0
prinsimp,0,0
PRISMAstatement,0,0
pro,0,0
probhat,0,0
ProDenICA,0,0
prodlim,0,0
ProfessR,0,0
profileModel,0,0
profileR,0,0
proftools,0,0
progenyClust,0,0
projections,0,0
projects,0,0
projpred,0,0
propOverlap,0,0
prospectr,0,0
prototest,0,0
provParseR,0,0
prozor,0,0
PSAgraphics,0,0
pscl,3,6
psfmi,2,2
PSIMEX,0,0
PSLM2015,0,0
psy,0,0
psych,0,0
psychometric,0,0
psychomix,0,0
psychotools,0,0
psychotree,0,0
psychTools,0,0
psyphy,0,0
PTAk,0,0
PTXQC,0,0
ptycho,0,0
pubh,2,2
PUlasso,0,0
pulsar,0,0
purrr,0,0
PVR,0,0
PWEALL,0,0
pwr,0,0
PwrGSD,0,0
pwrRasch,0,0
pycno,0,0
pyMTurkR,0,0
qat,0,0
QCGWAS,0,0
qcv,0,0
qgam,0,0
QGglmm,0,0
qgraph,0,0
qgtools,0,0
qiitr,0,0
qmap,0,0
qqman,0,0
qrcm,0,0
qtl,0,0
qtlDesign,0,0
QTLRel,0,0
qualpalr,0,0
qualtRics,0,0
quantmod,0,0
QuantPsyc,0,0
quantreg,0,0
Quartet,0,0
quickpsy,0,0
qVarSel,0,0
qvcalc,0,0
R0,0,0
R4dfp,0,0
RAD,0,0
RadData,0,0
radiant,0,0
radiant.data,3,3
radjust,0,0
RAINBOWR,0,0
rAltmetric,0,0
randnet,0,0
randomLCA,0,0
rangeBuilder,0,0
RApiDatetime,0,0
rapidxmlr,0,0
RaProR,0,0
rareGE,0,0
RaschSampler,0,0
rasterly,0,0
Rbeast,0,0
RBF,0,0
Rblpapi,0,0
RBPcurve,0,0
rbvs,0,0
RCAL,0,0
rClinicalCodes,0,0
Rcmdr,0,0
RcmdrPlugin.depthTools,0,0
RcmdrPlugin.EBM,0,0
RcmdrPlugin.qual,0,0
RcmdrPlugin.TeachStat,0,0
rcompanion,0,0
RcppTOML,0,0
rcrtan,0,0
RCSF,0,0
rdhs,0,0
rDotNet,0,0
Rdrools,0,0
rdryad,0,0
rdwd,0,0
reader,0,0
readr,0,0
reams,0,0
recipes,0,0
recombinator,0,0
reconstructr,0,0
RecordTest,0,0
recurse,0,0
REdaS,0,0
refGenome,0,0
refuge,0,0
regclass,0,0
reGenotyper,0,0
REGENT,0,0
regexSelect,0,0
regnet,0,0
regsem,0,0
regtest,0,0
regtools,0,0
rehh,0,0
rehh.data,0,0
reinforcelearn,0,0
REndo,0,0
RepeatedHighDim,0,0
reportRx,0,0
REQS,0,0
resampledata,9,11
ResistorArray,0,0
ResourceSelection,0,0
revgeo,0,0
RFgroove,0,0
rfinterval,0,0
Rfit,0,0
RFLPtools,0,0
Rfolding,0,0
RFreak,0,0
rfUtilities,0,0
Rgb,0,0
RGBM,0,0
RGenetics,0,0
rgenoud,0,0
RHT,0,0
ribd,0,0
riceware,0,0
rif,0,0
rIsing,0,0
riskParityPortfolio,0,0
ritis,0,0
RItools,0,0
rjwsacruncher,0,0
RKEELdata,0,0
rkvo,0,0
rlecuyer,0,0
RLRsim,0,0
RLT,0,0
RM.weights,0,0
rmargint,0,0
RMark,0,0
RMAWGEN,0,0
rmcfs,0,0
rmeta,0,0
rmetasim,0,0
rminer,0,0
rmio,0,0
rms,0,0
RNaviCell,0,0
RNCBIEUtilsLibs,0,0
rncl,0,0
RndTexExams,0,0
RNentropy,0,0
RNeXML,0,0
RNifti,0,0
RNiftyReg,0,0
rnoaa,0,0
rnpn,0,0
rnr,0,0
RobGARCHBoot,0,0
robmed,0,0
Rodam,0,0
RODBC,0,0
RODBCext,0,0
ROI.plugin.deoptim,0,0
ROI.plugin.ecos,0,0
roll,0,0
rolldown,0,0
rope,0,0
ROpenDota,0,0
rosetta,0,0
rosetteApi,0,0
rotl,0,0
RoughSets,0,0
rowr,0,0
rpact,0,0
rpartScore,0,0
rpcdsearch,0,0
RPCLR,0,0
rpf,0,0
rphast,0,0
Rphylip,0,0
rpinterest,0,0
rpms,0,0
rpostgisLT,0,0
rPowerSampleSize,0,0
rpql,0,0
rPraat,0,0
Rquefts,0,0
RRate,0,0
rrBLUP,0,0
RRF,0,0
rroad,0,0
rrum,0,0
rscimark,0,0
Rsconctdply,0,0
rscorecard,0,0
rseedcalc,0,0
rsem,0,0
RSiena,0,0
rstpm2,0,0
rSymPy,0,0
rTensor,0,0
rubias,0,0
Rvcg,0,0
rvHPDT,0,0
rvTDT,0,0
rwfec,0,0
rwty,0,0
Rxnat,0,0
RYoudaoTranslate,0,0
ryouready,0,0
s20x,0,0
s4vd,0,0
SafeBayes,0,0
safeBinaryRegression,0,0
safetyGraphics,1,2
sambia,0,0
sampler,1,1
sampleSelection,0,0
samplesize,0,0
SampleSize4ClinicalTrials,0,0
samplesizeCMH,0,0
SampleSizeMeans,0,0
SAMUR,0,0
sand,0,0
sandwich,0,0
sankey,0,0
sapa,0,0
SASmixed,2,2
SAVER,0,0
sbfc,0,0
sbl,0,0
scaRabee,0,0
schoolmath,0,0
SCMA,0,0
SCORPIUS,0,0
scout,0,0
scraEP,0,0
scrapeR,0,0
ScreenClean,0,0
scrm,0,0
SCRSELECT,0,0
scrubr,0,0
scuba,0,0
sda,0,0
sdcSpatial,0,0
sdcTable,0,0
sdcTarget,0,0
SDDE,0,0
sdm,0,0
SDMtune,0,0
SecKW,0,0
SEER2R,0,0
SEL,0,0
selac,0,0
selectiongain,0,0
selectiveInference,0,0
selectMeta,0,0
selectr,0,0
selectspm,0,0
SeleMix,0,0
selfea,0,0
selfingTree,0,0
SelvarMix,0,0
sem,0,0
semdiag,0,0
semds,0,0
SEMModComp,0,0
semPlot,0,0
semPLS,0,0
semTools,0,0
semtree,0,0
SensoMineR,0,0
seqHMM,0,0
seqinr,0,0
seqmon,0,0
SeqNet,0,0
sequences,0,0
sequoia,0,0
sergeant,0,0
SetRank,0,0
setRNG,0,0
Seurat,0,0
sfadv,0,0
sfsmisc,0,0
sgmodel,0,0
sgt,0,0
ShapeSelectForest,0,0
shiny,0,0
ShinyItemAnalysis,5,5
shinyMolBio,0,0
shinytest,0,0
shinythemes,0,0
siar,0,0
sidrar,0,0
SignifReg,0,0
SILGGM,0,0
Sim.DiffProc,0,0
sim1000G,0,0
simcdm,0,0
simEd,0,0
simest,0,0
SimilarityMeasures,0,0
SimJoint,0,0
SimPhe,0,0
simpleboot,0,0
simpleRCache,0,0
SimplifyStats,0,0
SiMRiv,0,0
SimRVPedigree,1,1
SimRVSequences,0,0
simsem,0,0
SIN,0,0
sirt,0,0
sisal,0,0
SISIR,0,0
sitar,4,4
sitree,0,0
sjPlot,0,0
SK,0,0
skm,0,0
Sleuth2,9,10
Sleuth3,20,22
sm,1,1
smacof,0,0
smatr,0,0
smcfcs,0,0
smds,0,0
smerc,0,0
SMFI5,0,0
smfsb,0,0
smicd,0,0
smirnov,0,0
SMITIDvisu,0,0
smpic,0,0
SMPracticals,0,0
smss,0,0
sna,0,0
snht,0,0
snnR,0,0
snp.plotter,0,0
SNPassoc,0,0
SNPknock,0,0
SNPmaxsel,0,0
SNPMClust,0,0
SOAR,0,0
sobolnp,0,0
soc.ca,0,0
socceR,0,0
social,0,0
socialmixr,0,0
SocialNetworks,0,0
SocialPosition,0,0
sociome,0,0
SoDA,0,0
sodavis,0,0
SODC,0,0
SongEvo,0,0
sp23design,0,0
spacetime,0,0
spacodiR,0,0
SpadeR,0,0
spam,0,0
spANOVA,0,0
sparktf,0,0
sparkwarc,0,0
SparseFactorAnalysis,0,0
sparseMVN,0,0
sparsepp,0,0
sparseSEM,0,0
spatial,0,0
SpatialEpi,0,0
SpatialExtremes,0,0
SpatialVS,0,0
spatstat.data,0,0
spcosa,0,0
speff2trial,0,0
spFSR,0,0
spftir,0,0
spgs,0,0
SphericalK,0,0
SPIAssay,0,0
SPIGA,0,0
spikes,0,0
spikeslab,0,0
spikeSlabGAM,0,0
spinBayes,0,0
spiritR,0,0
spm12r,0,0
SPmlficmcm,0,0
spnet,0,0
spselect,0,0
spuRs,0,0
sqlutils,0,0
sra,0,0
srm,0,0
SRRS,0,0
ssanv,0,0
ssdtools,0,0
ssize.fdr,0,0
ssmrob,0,0
SSOSVM,0,0
SSrat,1,1
SSRMST,0,0
stability,0,0
stabm,0,0
stabs,0,0
staplr,0,0
STARTdesign,0,0
STARTS,0,0
statnet,0,0
staTools,0,0
StatRank,0,0
statsr,0,0
stcos,0,0
steepness,0,0
stepPenal,0,0
stepPlr,0,0
StepReg,0,0
stepwise,0,0
stmgp,0,0
stochvol,0,0
stockR,0,0
STOPES,0,0
Storm,0,0
STPGA,0,0
strandCet,0,0
strap,0,0
StratifiedBalancing,0,0
StratifiedMedicine,0,0
StratSel,0,0
structree,0,0
StructureMC,0,0
subgroup,0,0
subgroup.discovery,1,1
SubgrpID,0,0
SubgrPlots,0,0
subgxe,0,0
SubpathwayGMir,0,0
subprocess,0,0
subsamp,0,0
subscore,0,0
subselect,0,0
subtee,0,0
Sunder,0,0
superMDS,0,0
SuperPCA,0,0
SupMZ,0,0
sur,12,12
Surrogate,0,0
surveillance,0,0
survey,0,0
SurvGSD,0,0
survival,12,12
survutils,0,0
svapls,0,0
svDialogs,0,0
svKomodo,0,0
svMisc,0,0
SVN,0,0
swapClass,0,0
SWIM,0,0
swirl,0,0
swirlify,0,0
switchnpreg,0,0
SympluR,0,0
synchronicity,0,0
SynchWave,0,0
SYNCSA,0,0
systemfit,0,0
tabulizer,0,0
TAM,0,0
tangram,0,0
TAShiny,0,0
tatest,0,0
tatoo,0,0
tauturri,0,0
taxa,0,0
taxize,0,0
taxizedb,0,0
taxlist,0,0
taxonomizr,0,0
Taxonstand,0,0
taxotools,0,0
TCGAretriever,0,0
tcgsaseq,0,0
TDCor,0,0
TDPanalysis,0,0
tdthap,0,0
TeachBayes,0,0
teachingApps,0,0
TeachingDemos,0,0
TeachingSampling,0,0
teamr,0,0
teigen,0,0
TELP,0,0
TempCont,0,0
tensorregress,0,0
TEQR,0,0
TESS,0,0
TestDataImputation,0,0
testDriveR,2,4
TestScorer,0,0
TexExamRandomizer,0,0
TExPosition,0,0
text2vec,0,0
TextForecast,0,0
textgRid,0,0
textrank,0,0
tfautograph,0,0
TFisher,0,0
tgp,0,0
thgenetics,0,0
ThreeArmedTrials,0,0
threeboost,0,0
ThreeGroups,0,0
ThreeWay,0,0
threshr,0,0
TideHarmonics,0,0
tidybayes,0,0
tidycode,0,0
tidygenomics,0,0
tidyhydat,0,0
tidyselect,0,0
tidystringdist,0,0
tidytree,0,0
tilegramsR,0,0
tilting,0,0
timeline,0,0
timereg,0,0
timeSeq,0,0
TimeSeries.OBeu,0,0
timetools,0,0
tinsel,0,0
tinyProject,0,0
TipDatingBeast,0,0
titeIR,0,0
tm,0,0
tm.plugin.factiva,0,0
TMDb,0,0
tmvnsim,0,0
toolmaRk,0,0
toOrdinal,0,0
toxEval,0,0
TPES,0,0
trackdem,0,0
tractor.base,0,0
Trading,0,0
trafo,0,0
traitr,0,0
TraMineRextras,0,0
TRD,0,0
TreatmentSelection,0,0
treebase,0,0
treedater,0,0
treeman,0,0
TreePar,0,0
TreeSearch,0,0
TreeSim,0,0
TreeSimGM,0,0
TrialSize,0,0
triebeard,0,0
trioGxE,0,0
TripleR,0,0
trustedtimestamping,0,0
tsdf,0,0
TSDFGS,0,0
TSeriesMMA,0,0
tsfeatures,0,0
tsna,0,0
TTCA,0,0
TTS,0,0
TUWmodel,0,0
tvReg,0,0
TVsMiss,0,0
tweedie,0,0
TwoPhaseInd,0,0
TwoRegression,0,0
uclust,0,0
ucminf,0,0
UKgrid,0,0
Umpire,0,0
unbalanced,0,0
unglue,0,0
UnivRNG,0,0
unix,0,0
untb,0,0
updog,0,0
usdm,0,0
UsingR,11,14
UStatBookABSC,0,0
utile.tools,0,0
uwIntroStats,0,0
valr,0,0
varbvs,0,0
vardpoor,0,0
varEst,0,0
VarfromPDB,0,0
vars,0,0
VARSEDIG,0,0
varSel,0,0
VarSelLCM,0,0
varSelRF,0,0
VARtests,0,0
vcd,6,6
vegan,0,0
vegdata,0,0
vennLasso,0,0
VetResearchLMM,1,1
VGAM,3,4
VIGoR,0,0
VIM,0,0
vioplot,0,0
visreg,0,0
visTree,0,0
visualize,0,0
vmd,0,0
VOSONDash,0,0
vosonSML,0,0
vote,0,0
voxel,0,0
vpc,2,2
vqtl,0,0
vscc,0,0
vstsr,0,0
VSURF,0,0
waffect,0,0
waveslim,0,0
wCorr,0,0
WebGestaltR,0,0
websocket,0,0
weco,0,0
WEE,0,0
weirs,0,0
wgaim,0,0
wgeesel,0,0
whoa,0,0
wikibooks,0,0
WikipediR,0,0
wikitaxa,0,0
WilcoxCV,0,0
windex,0,0
wiod,0,0
wNNSel,0,0
wooldridge,26,37
wordspace,0,0
WrightMap,0,0
wrswoR,0,0
wtest,0,0
xbreed,0,0
xergm,0,0
xgobi,0,0
xlink,0,0
XMRF,0,0
xplain,0,0
xpose,0,0
xRing,0,0
xROI,0,0
xSub,0,0
xts,0,0
xxIRT,0,0
yarrr,0,0
yasp,0,0
yatah,0,0
yhatr,0,0
yll,0,0
yonder,0,0
YPInterimTesting,0,0
Zelig,0,0
